"Classroom","Capacity","Type","",""
"c001","80","LECTURE_ROOM","",""
"c002","80","LECTURE_ROOM","",""
"c003","80","LECTURE_ROOM","",""
"c101","80","LECTURE_ROOM","",""
"c102","80","LECTURE_ROOM","",""
"c103","80","LIBRARY","",""
"c104","80","LECTURE_ROOM","",""
"cs201","80","LECTURE_ROOM","",""
"cs202","80","LECTURE_ROOM","",""
"cs203","80","LECTURE_ROOM","",""
"cs204","80","LECTURE_ROOM","",""
"cs301","80","LECTURE_ROOM","",""
"cs302","80","LECTURE_ROOM","",""
"cs303","80","LECTURE_ROOM","",""
"cs304","80","LECTURE_ROOM","",""
"L206","40","COMPUTER_LAB","",""
"L207","40","COMPUTER_LAB","",""
"H209","80","HARDWARE_LAB","",""
"L106","40","COMPUTER_LAB","",""
"L107","40","COMPUTER_LAB","",""
"H109","80","HARDWARE_LAB","",""
"L306","40","COMPUTER_LAB","",""
"L307","40","COMPUTER_LAB","",""
"H309","80","HARDWARE_LAB","",""
"L406","40","COMPUTER_LAB","",""
"L407","40","COMPUTER_LAB","",""
"L408","80","HARDWARE_LAB","",""
"C002","150","SEATER_120","",""
"C003","150","SEATER_120","",""
"C004","500","SEATER_240","",""
"","","","",""
"","","","",""
"","","","",""
"","","","",""
"","","","",""
"","","","",""
"","","","",""
"","","","",""
"","","","",""
"","","","",""
"","","","",""
"","","","",""
"","","","",""
"","","","",""
"","","","",""
"","","","",""
"","","","",""
"","","","",""
"","","","",""
"","","","",""
"","","","",""
"","","","",""
"","","","",""
"","","","",""
"","","","",""
"","","","",""
"","","","",""
"","","","",""
"","","","",""
"","","","",""
"","","","",""
"","","","",""
"","","","",""
"","","","",""
"","","","",""
"","","","",""
"","","","",""
"","","","",""
"","","","",""
"","","","",""
"","","","",""
"","","","",""
"","","","",""
"","","","",""
"","","","",""
"","","","",""
"","","","",""
"","","","",""
"","","","",""
"","","","",""
"","","","",""
"","","","",""
"","","","",""
"","","","",""
"","","","",""
"","","","",""
"","","","",""
"","","","",""
"","","","",""
"","","","",""
"","","","",""
"","","","",""
"","","","",""
"","","","",""
"","","","",""
"","","","",""
"","","","",""
"","","","",""
"","","","",""
"","","","",""
"","","","",""
"","","","",""
"","","","",""
"","","","",""
"","","","",""
"","","","",""
"","","","",""
"","","","",""
"","","","",""
"","","","",""
"","","","",""
"","","","",""
"","","","",""
"","","","",""
"","","","",""
"","","","",""
"","","","",""
"","","","",""
"","","","",""
"","","","",""
"","","","",""
"","","","",""
"","","","",""
"","","","",""
"","","","",""
"","","","",""
"","","","",""
"","","","",""
"","","","",""
"","","","",""
"","","","",""
"","","","",""
"","","","",""
"","","","",""
"","","","",""
"","","","",""
"","","","",""
"","","","",""
"","","","",""
"","","","",""
"","","","",""
"","","","",""
"","","","",""
"","","","",""
"","","","",""
"","","","",""
